"comments","less-button","more-button","hidden","comment","hidden 2","yt-core-attributed-string 2","yt-core-attributed-string 3"
"how about putting the constitution in classrooms?","Show less","Read more","Like","161","Dislike","Reply","12 replies"
"Considering the behavior and moral (?) actions of some prominent politicians I suspect they really don‚Äôt follow their own philosophy.","Show less","Read more","Like","30","Dislike","Reply",""
"Seems pretty clear cut. If schools are government funded = keep your religion at home","Show less","Read more","Like","47","Dislike","Reply","16 replies"
"Isn't one of the foundations of the USA freedom of religion.","Show less","Read more","Like","28","Dislike","Reply","7 replies"
"Teaching values doesn‚Äôt require religious scripture on the wall. Respect, empathy, and honesty can be taught without crossing the church-state line.","Show less","Read more","Like","82","Dislike","Reply","24 replies"
"If having the 10 commandments on the wall actually worked, we would need to post it in every room in the white house.","Show less","Read more","Like","15","Dislike","Reply",""
"Seriously, what Republicans follow the Ten Commandments?","Show less","Read more","Like","83","Dislike","Reply","22 replies"
"A chance to spot how many commandments republicans have broken  break.","Show less","Read more","Like","13","Dislike","Reply","1 reply"
"Nothing religious should be imposed in any school, neither anything contrary to it‚Ä¶. children go to school to learn the way this society is ruled so that they stand out better economically than those who don‚Äôt, period.","Show less","Read more","Like","13","Dislike","Reply",""
"Isn‚Äôt Paxton the same guy who cheated on his wife with a mistress and almost got removed from office in part because of that affair? I am pretty sure ‚ÄúThou shalt not commit adultery‚Äù is a Ten Commandments.","Show less","Read more","Like","3","Dislike","Reply",""
"I am so proud of this decision. I wholeheartedly believe that this is the accurate interpretation of the constitution!","Show less","Read more","Like","2","Dislike","Reply","3 replies"
"A schoolchild could tell you this outcome, the Constitution is fairly clear about this. Waste of time and resources","Show less","Read more","Like","4","Dislike","Reply",""
"How about we start something better. Christians that actually follow the Bible. Wouldn't that make America great again","Show less","Read more","Like","52","Dislike","Reply","4 replies"
"Like you Paxton? Hypocrite Ô∏è","Show less","Read more","Like","2","Dislike","Reply",""
"Doesn‚Äôt matter if they post the Ten Commandments or not. The students will ignore them. Did when I went to school.","Show less","Read more","Like","14","Dislike","Reply","3 replies"
"Separation of church and state‚Ä¶","Show less","Read more","Like","15","Dislike","Reply","3 replies"
"1.  Do not worship Donald Trump.
2.  Don‚Äôt worship his image. 
3.  Do not wield religion like a weapon.
4.  Let people rest without calling them lazy
5.  Don‚Äôt put your parents in a nursing home
6.  Do not contribute to death. Create and honor policy that allows the most people to live the longest, happiest lives.
7.  Keep it in your pants
8.  Create a society where needs are met and theft is unnecessary.
9.  Don‚Äôt call people seeking asylum ‚Äúillegal.‚Äù That is bearing false witness against your neighbor. 
10. Even though Trump and Musk lead you into temptation, do not covet material things or the belongings of shallow men. Remember God‚Äôs command to be your brother‚Äôs keeper.","Show less","Read more","Like","7","Dislike","Reply",""
"What's wrong with Texas.","Show less","Read more","Like","2","Dislike","Reply","1 reply"
"Very sensible. Good job!","Show less","Read more","Like","4","Dislike","Reply",""
"Surprised trump didn‚Äôt block this, he has literally broken every Commandment except for Honor Thy Father and Mother.","Show less","Read more","Like","1","Dislike","Reply",""
"If having the 10 commandments on the wall actually worked, we would need to post it in every room in the white house.","Show less","Read more","Like","15","Dislike","Reply",""
"Seriously, what Republicans follow the Ten Commandments?","Show less","Read more","Like","83","Dislike","Reply","22 replies"
"A chance to spot how many commandments republicans have broken  break.","Show less","Read more","Like","13","Dislike","Reply","1 reply"
"Nothing religious should be imposed in any school, neither anything contrary to it‚Ä¶. children go to school to learn the way this society is ruled so that they stand out better economically than those who don‚Äôt, period.","Show less","Read more","Like","13","Dislike","Reply",""
"Isn‚Äôt Paxton the same guy who cheated on his wife with a mistress and almost got removed from office in part because of that affair? I am pretty sure ‚ÄúThou shalt not commit adultery‚Äù is a Ten Commandments.","Show less","Read more","Like","3","Dislike","Reply",""
"I am so proud of this decision. I wholeheartedly believe that this is the accurate interpretation of the constitution!","Show less","Read more","Like","2","Dislike","Reply","3 replies"
"A schoolchild could tell you this outcome, the Constitution is fairly clear about this. Waste of time and resources","Show less","Read more","Like","4","Dislike","Reply",""
"How about we start something better. Christians that actually follow the Bible. Wouldn't that make America great again","Show less","Read more","Like","52","Dislike","Reply","4 replies"
"Like you Paxton? Hypocrite Ô∏è","Show less","Read more","Like","2","Dislike","Reply",""
"Doesn‚Äôt matter if they post the Ten Commandments or not. The students will ignore them. Did when I went to school.","Show less","Read more","Like","14","Dislike","Reply","3 replies"
"Separation of church and state‚Ä¶","Show less","Read more","Like","15","Dislike","Reply","3 replies"
"1.  Do not worship Donald Trump.
2.  Don‚Äôt worship his image. 
3.  Do not wield religion like a weapon.
4.  Let people rest without calling them lazy
5.  Don‚Äôt put your parents in a nursing home
6.  Do not contribute to death. Create and honor policy that allows the most people to live the longest, happiest lives.
7.  Keep it in your pants
8.  Create a society where needs are met and theft is unnecessary.
9.  Don‚Äôt call people seeking asylum ‚Äúillegal.‚Äù That is bearing false witness against your neighbor. 
10. Even though Trump and Musk lead you into temptation, do not covet material things or the belongings of shallow men. Remember God‚Äôs command to be your brother‚Äôs keeper.","Show less","Read more","Like","7","Dislike","Reply",""
"What's wrong with Texas.","Show less","Read more","Like","2","Dislike","Reply","1 reply"
"Very sensible. Good job!","Show less","Read more","Like","4","Dislike","Reply",""
"Surprised trump didn‚Äôt block this, he has literally broken every Commandment except for Honor Thy Father and Mother.","Show less","Read more","Like","1","Dislike","Reply",""
"The thing is that Abbot has broken most of those Ten Commandments, I do hope that he has them plastered all over his homes walls, the nasty tick.","Show less","Read more","Like","7","Dislike","Reply",""
"Religious freedom goes back ways guys.","Show less","Read more","Like","1","Dislike","Reply",""
"Good. We need education not church in the class room","Show less","Read more","Like","3","Dislike","Reply",""
"Seperation of chruch and state.  This is insane. Everyday a step backward.","Show less","Read more","Like","1","Dislike","Reply",""
"whole bill is stupid","Show less","Read more","Like","1","Dislike","Reply",""
"It‚Äôs about time, that was disgustingly close.","Show less","Read more","Like","9","Dislike","Reply",""
"If they‚Äôre not written on your heart, no wall matters. If they are, they are already ubiquitous. The word of God cannot be confined  to a wall or closed doors.","Show less","Read more","Like","1","Dislike","Reply",""
"Of Texas","Show less","Read more","Like","","Dislike","Reply",""
"SMH!!!! Why would they want that in public classrooms????","Show less","Read more","Like","","Dislike","Reply",""
"Sickening","Show less","Read more","Like","","Dislike","Reply",""
"How about leading the children by  examples of TRUE Christian behavior?  
If you HYPOCRITES want to teach good morals, start revisiting the scriptures at YOUR own homes.","Show less","Read more","Like","2","Dislike","Reply",""
"This has been through the courts. It doesn't take much brain power to understand. Religion is not a governmental matter.","Show less","Read more","Like","4","Dislike","Reply",""
"Pulled my kids from public school in November.","Show less","Read more","Like","10","Dislike","Reply","4 replies"
"Wow. We didn't see this coming..........","Show less","Read more","Like","","Dislike","Reply",""
"The GOP break their own commandments everydayÔ∏è","Show less","Read more","Like","1","Dislike","Reply",""
"Public schools people.","Show less","Read more","Like","","Dislike","Reply",""
"Welcome to the next episode of Handmaid's Tale, an American tragedy.","Show less","Read more","Like","1","Dislike","Reply",""
"Thank god","Show less","Read more","Like","","Dislike","Reply",""
"Excellent","Show less","Read more","Like","","Dislike","Reply",""
"Church v. State","Show less","Read more","Like","","Dislike","Reply",""
"Of Texas","Show less","Read more","Like","","Dislike","Reply",""
"SMH!!!! Why would they want that in public classrooms????","Show less","Read more","Like","","Dislike","Reply",""
"Sickening","Show less","Read more","Like","","Dislike","Reply",""
"How about leading the children by  examples of TRUE Christian behavior?  
If you HYPOCRITES want to teach good morals, start revisiting the scriptures at YOUR own homes.","Show less","Read more","Like","2","Dislike","Reply",""
"This has been through the courts. It doesn't take much brain power to understand. Religion is not a governmental matter.","Show less","Read more","Like","4","Dislike","Reply",""
"Pulled my kids from public school in November.","Show less","Read more","Like","10","Dislike","Reply","4 replies"
"Wow. We didn't see this coming..........","Show less","Read more","Like","","Dislike","Reply",""
"The GOP break their own commandments everydayÔ∏è","Show less","Read more","Like","1","Dislike","Reply",""
"Public schools people.","Show less","Read more","Like","","Dislike","Reply",""
"Welcome to the next episode of Handmaid's Tale, an American tragedy.","Show less","Read more","Like","1","Dislike","Reply",""
"Thank god","Show less","Read more","Like","","Dislike","Reply",""
"Excellent","Show less","Read more","Like","","Dislike","Reply",""
"Church v. State","Show less","Read more","Like","","Dislike","Reply",""
"The fact Texans are voting in these officials , says a lot about the people","Show less","Read more","Like","6","Dislike","Reply",""
"Great!!! Thanks to this Judge for upholding the constitution the 1 amendment is clear.","Show less","Read more","Like","","Dislike","Reply",""
"Shouldn‚Äôt be necessary to ask why.
It‚Äôs called the Constitution. The separation of church and state. The government is prohibited from endorsing or requiring any specific religion.","Show less","Read more","Like","","Dislike","Reply",""
"Why would we push on belief on all children? I thought we were built to have religious freedom? And it seemed pretty clear that government has no place in enforcing religion on anyone. I'm not saying you shouldn't teach children about religion. But If you're going to teach and bring up one religion you really need to bring them all up. Or come up with a type of commandments that are just about school and common American rules rules. Why does it have to be something written in the Bible? 

Always respect the adults and teachers and adults around you. 

I will never place my hands on other people. 

I will always clean up after myself. 

I won't ever steal. 

School is no place for lying so I will not lie. 

Etc etc.. 

I am absolutely four freedom of religion. We are already slowly losing a lot of freedoms. Granted I am Christian and I want my children to know about things like this but I do not want them to be forced to follow a religion period. Religion should be something taught at home or on free time. Not in government run classrooms.","Show less","Read more","Like","1","Dislike","Reply","1 reply"
"Church and state are separate BUT the words should be in classrooms to be an example of proper behavior. Democrats think criminals are MORE important than lawful citizens. This tells you everything about CONTROLLERS.","Show less","Read more","Like","","Dislike","Reply",""
"A better idea is to show the Universal Declaration of Human Rights, that is not contraversial at all. An alternative is the USA constitution but it shows it's age.","Show less","Read more","Like","","Dislike","Reply",""
"It can help. To ones belief an how their raised.  Even just to look at .","Show less","Read more","Like","","Dislike","Reply",""
"They want to put the ten commandments in school but don't want to teach AMERICAN  history which includes slavery, jim criw etc.....smh.....","Show less","Read more","Like","","Dislike","Reply",""
"Someone did this on purpose. To use this as precedent later on.","Show less","Read more","Like","","Dislike","Reply",""
"W Texas - there might actually be some hope","Show less","Read more","Like","2","Dislike","Reply",""
"To remind people of how badly Israel has broken the covenant???","Show less","Read more","Like","","Dislike","Reply",""
"But parents would rather have their kids in the street listening to king von and playing with switches","Show less","Read more","Like","","Dislike","Reply",""
"The Ten Commandments  is a gift from God for mankind . Not a political tool. Jesus said don‚Äôt mix politics and religion together. It end in disaster. The Ten Commandments belongs in Churches and Homes where parents can teach  their children about Christian faith. Not the schools. Do you  the state explains religious beliefs?","Show less","Read more","Like","","Dislike","Reply",""
"Rules for thee, but not for me. Another case of those in power trying to get us to follow rules they themselves dont follow.","Show less","Read more","Like","","Dislike","Reply",""
"Anyone who thinks teaching kids about morality is a bad idea should have zero input on raising children!","Show less","Read more","Like","1","Dislike","Reply","1 reply"
"Believers are saved by grace through faith in Jesus Christ, not the Ten Commandments. 
John 3:16 
Romans 10:9-10","Show less","Read more","Like","","Dislike","Reply",""
"Well i don't disagree. 
Although i personally try not to break those laws anymore. 
But i do and or have.","Show less","Read more","Like","","Dislike","Reply",""
"WOKE NONSENSE even CHRISTIANS","Show less","Read more","Like","","Dislike","Reply",""
"It's about time !","Show less","Read more","Like","1","Dislike","Reply","1 reply"
"Anyone who is a Christian trusting Jesus to have put their sins on the cross with him knows that the 10 Commandments were given so that mankind would know that they could not follow them and that they needed a savior! Good deal! These were impossible to a common man to do anyway!","Show less","Read more","Like","","Dislike","Reply",""
"I'm confused as to why large media conglomerates haven't asked these people directly: If it's such a hot-button issue with people, why not put it to a vote in November?
I'd absolutely love to see their responses","Show less","Read more","Like","3","Dislike","Reply","2 replies"
"That is INSANE! Only argument I could understand would be private schools - but Jewish/ Christian/ Muslim private schools should not have any issue; and in reality, our Legal system is summarized by the 10 Commandments.

From our founding, the 10 Commandments were taught in every school (so the argument that it is against the Constitution is false, and the establishment of religion clause is that the FEDERAL Govmt shall not force a National Religion, not States-> though this wouldn‚Äôt fit under making a State Religion, either).","Show less","Read more","Like","","Dislike","Reply","1 reply"
"I'm surprised that the That real court is allowed to do that , since you enforced the bible laws. Over six hundred and fifty laws and organisms of moses plus to take amendments. The united states entirely court system is based on mosaic law. But my small town judged to the supreme court and all of those laws are of god.. It's a fact including the right to sue.. Is the federal court enforces Bible law?And how can you say they can't display it in a courtroom. Or a schoolroom. Only one of the ten commandments is not a u s law. Thou shalt not Commit false witness against a neighbor perjury. You're not allowed to perjure yourself in a federal court. Only one of the ten commandments is not enforced thou shalt not have any other guide before you. That's the only ten commandment that's not enforced by law.. Then again, all that gay stuff is the other part of the Bible following  says disobedience to god is sin . Sin Disobedience against gods Will and law is called evil. That's right simple Disobedience against god Is what The bible considers evil. You forced the other half of the bible in your classrooms Therefore you can put the good part of the bible and force it in the classroom as well. I don't know what lawyer argued this case not An intelligent one.","Show less","Read more","Like","","Dislike","Reply",""
"How about Taco man obay the 10 Commandments","Show less","Read more","Like","","Dislike","Reply",""
"The","Show less","Read more","Like","","Dislike","Reply",""
"Right on woo woo","Show less","Read more","Like","2","Dislike","Reply","1 reply"
"Other things need to come down and or out of public schools as well.  
  But i think homeschooling at home or with a small groups of parents and teachers who believe and think alike is the best option.  
   Government run schools haven't really changed since indigenous kids were forced to be indoctrinated in that system.  
     The type of indoctrination changes from time to time though.","Show less","Read more","Like","","Dislike","Reply","2 replies"
"Make it illegal to display the pride flag as well. Same basis.","Show less","Read more","Like","","Dislike","Reply",""
"Excellent!","Show less","Read more","Like","1","Dislike","Reply","1 reply"
"People get all upset about this, and then have no problem letting a dude change in front of their daughter's. Stop whining about separation of church and state! How about separation of the freak from your daughter? Ever thought about getting up on your high horses over that one?","Show less","Read more","Like","","Dislike","Reply",""
"the bill of right says freedom of religion, not freedom from religion","Show less","Read more","Like","1","Dislike","Reply","2 replies"
"Maybe in Hebrew class","Show less","Read more","Like","","Dislike","Reply",""
"i can tell that what he's doing is pretty clear, he is doing whatever he can to boost the narrative of christianity JUST so he can make sure IF heaven is real that he gets there","Show less","Read more","Like","1","Dislike","Reply",""
"If you don‚Äôt want to see it don‚Äôt look at it. I don‚Äôt want to see most of you so I don‚Äôt look at you.","Show less","Read more","Like","","Dislike","Reply","1 reply"
"So having the Ten Commandments in a classroom is wrong because it ""enforces religion on children"" and it apparently violates the First Amendment, but putting pride flags on the walls or having pride-related things in the classroom isn't enforcing sexuality on children?","Show less","Read more","Like","","Dislike","Reply",""
"Religion and sexual alternative lifestyles/PRIDE should not be a part of government schools.","Show less","Read more","Like","","Dislike","Reply",""
"If a bill passes.  Then its the law of the land and no judge can change the law. They will lose on appeal.","Show less","Read more","Like","","Dislike","Reply","1 reply"
"A judge may temporarily block that kids would learn morals like, no lying, cheating, stealing, or partake in immoral acts. But he will definitely have to pay the price and stand before God and explain why he is against such a lifestyle 
righteous","Show less","Read more","Like","","Dislike","Reply","1 reply"
"The state can ignore the feds.","Show less","Read more","Like","","Dislike","Reply","2 replies"
"Let me guess???!!!  A democrat judge !!!  Put the ten commandments back in the schools.  That's what's wrong with our country.  We took GOD out of everything.!!!!!","Show less","Read more","Like","2","Dislike","Reply","3 replies"
"","Show less","Read more","Like","","Dislike","Reply",""
"IT WILL HAPPEN IN JESUS NAME   Ô∏è","Show less","Read more","Like","1","Dislike","Reply","3 replies"
"I think it‚Äôs an awesome requirement.","Show less","Read more","Like","","Dislike","Reply","2 replies"
"The 10 commandments are the foundation of America üá∫üá∏","Show less","Read more","Like","1","Dislike","Reply","6 replies"
"If you don't like GOD in your life, move somewhere else !!!!!","Show less","Read more","Like","2","Dislike","Reply","5 replies"
"Good. But is our flag in each classroom?
Do the kids pledge allegiance anymore?

The 10 commandments is  one of the basis of our laws along with Roman law and English common law. That's where it should be taught. (Plus our natural freedoms and Constitution are influenced by native customs.)","Show less","Read more","Like","","Dislike","Reply",""
"Move out of Texas if you dont want the 10 commandments shown.  In God we Trust!","Show less","Read more","Like","","Dislike","Reply","1 reply"
"EVERY KNEE WILL BOW AND EVERY MOUTH WILL CONFESS THAT CHRIST JESUS IS LORD Ô∏èÔ∏è don‚Äôt beg GOD when you don‚Äôt make it into the kingdom","Show less","Read more","Like","1","Dislike","Reply","3 replies"
"Reasoning behind it is that children should believe in Disney Land , Santa Claus, magic and fairytales but never God","Show less","Read more","Like","1","Dislike","Reply","4 replies"
"I think we have to keep any religion out of all public sectors , but are the ten commandments a bad set of rules .  I don't think so , seems to me these simple rules are a common sense foundation for a good life .  The gender ideology teachings are a much more damaging issue , IMO to teach our children , and that still is implemented in some places .","Show less","Read more","Like","1","Dislike","Reply","3 replies"
"I think this should be mandatory. It‚Äôs plain and simple.  Consciousness. Should take care of the rest.","Show less","Read more","Like","","Dislike","Reply","6 replies"
"ONLY OUR CREATOR GOD KNOWS OUR FINAL DESTINATION ON JUDGEMENT DAY FOLKS  ONE HUNDRED PERCENT IT'S COMING!!!!!!!!!!!!!","Show less","Read more","Like","","Dislike","Reply","1 reply"
"F. these courts. & we wonder why the country is lost.","Show less","Read more","Like","3","Dislike","Reply","4 replies"
"What's the problem with the ten commandments being displayed in public schools this is another woke atheist judge and he needs to be removed from the bench immediately","Show less","Read more","Like","2","Dislike","Reply","1 reply"
"","","","KXAN","Now playing","KXAN","",""
"","","","FOX 7 Austin","Now playing","FOX 7 Austin","",""
"","","","James Talarico","Now playing","James Talarico","",""
"","","","James Talarico","Now playing","James Talarico","",""
"","","","James Talarico","Now playing","James Talarico","",""
"","","","Texas Impact","Now playing","Texas Impact","",""
"","","","FOX 7 Austin","Now playing","FOX 7 Austin","",""
"","","","Forbes Breaking News","2:21","Verified","",""
"","","","CBS19","Now playing","CBS19","",""
"","","","Texas Impact","Now playing","Texas Impact","",""
"","","","James Talarico","Now playing","James Talarico","",""
"","","","KABB FOX San Antonio","Now playing","KABB FOX San Antonio","",""
"","","","FOX Soul","Now playing","FOX Soul","",""
"","","","FOX 4 Dallas-Fort Worth","Now playing","FOX 4 Dallas-Fort Worth","",""
"","","","NBC News","Now playing","NBC News","",""
"","","","USA TODAY","Now playing","USA TODAY","",""
"","","","Brian Tyler Cohen","Now playing","Brian Tyler Cohen","",""
"","","","KXAN","Now playing","KXAN","",""
"","","","NewsNation","Now playing","NewsNation","",""
"","","","Heartland Signal","Now playing","Heartland Signal","",""
"","","","CNN","Now playing","CNN","",""